CreditScore,Geography,Gender,Age,Tenure,Balance,NumOfProducts,HasCrCard,IsActiveMember,EstimatedSalary
717,Spain,Male,35,1,0.0,3,0,0,174770.14
677,France,Female,72,8,0.0,2,1,1,153604.44
788,France,Female,33,5,0.0,2,0,0,116978.19
537,France,Female,53,3,0.0,1,1,1,91406.62
717,Spain,Female,39,6,0.0,2,1,0,93275.61
650,Spain,Male,41,9,0.0,2,0,1,191599.67
762,Spain,Female,26,7,123709.46,2,1,1,169654.57
735,Spain,Male,29,10,0.0,2,1,1,95025.27
678,France,Female,31,1,0.0,2,0,1,130446.65
579,Germany,Female,39,5,117833.3,3,0,0,5831.0
474,France,Male,54,3,0.0,1,1,0,108409.17
781,France,Female,27,5,0.0,2,0,0,72969.9
669,France,Male,25,1,157848.53,1,0,0,37543.93
485,Germany,Male,51,7,144244.59,2,1,0,51113.14
850,Germany,Female,32,0,116968.91,1,0,0,175094.62
443,Spain,Male,36,6,70438.01,2,0,1,56937.43
677,Germany,Female,44,4,148770.61,2,1,1,191057.76
593,Germany,Male,69,2,187013.13,2,0,1,105898.69
784,Spain,Male,48,7,0.0,2,1,1,182609.97
813,Germany,Male,59,2,135078.41,1,1,0,187636.06
749,France,Male,41,5,57568.94,1,1,1,61128.29
684,Germany,Female,40,6,137326.65,1,1,0,186976.6
778,France,Male,33,1,0.0,2,1,0,85439.73
784,Spain,Female,40,8,0.0,2,1,0,108891.3
627,Germany,Female,30,6,57809.32,1,1,0,188258.49
620,France,Male,41,0,97925.11,1,1,0,85000.32
731,Spain,Male,41,4,0.0,2,1,0,22299.27
653,Germany,Female,25,2,158266.42,3,1,1,199357.24
655,France,Female,38,6,0.0,1,1,1,188639.28
788,France,Female,41,6,0.0,1,1,1,25571.37
648,Germany,Female,40,5,139973.65,1,1,1,667.66
676,France,Female,37,5,89634.69,1,1,1,169583.18
472,France,Female,37,1,0.0,2,1,1,48357.9
649,Spain,Male,29,2,45022.23,1,1,1,173495.77
686,France,Female,41,7,152105.57,2,0,1,132374.41
641,France,Female,53,0,123835.52,2,0,1,160110.65
779,France,Female,29,3,46388.16,3,1,0,127939.26
544,Germany,Male,39,4,142406.43,2,1,0,146637.45
559,France,Male,34,2,137390.11,2,1,0,9677.0
464,France,Female,33,10,147493.7,2,1,0,100447.53
592,Spain,Female,41,2,138734.94,1,1,0,90020.74
809,France,Female,38,2,154763.21,2,1,1,174800.31
482,Germany,Female,48,2,69329.47,1,0,0,102640.52
494,France,Male,40,7,0.0,2,0,1,158071.69
796,Spain,Male,67,5,0.0,2,0,1,54871.02
685,Germany,Female,30,4,84958.6,2,0,1,194343.72
678,Germany,Male,36,3,145747.67,2,0,1,89566.74
543,France,Male,35,5,137482.19,1,0,0,62389.35
503,France,Female,28,5,0.0,2,1,0,125918.17
706,France,Female,29,5,112564.62,1,1,0,42334.38
